{"completed": 16174, "total": 16174, "success": 16174, "errors": 0, "rate_per_hour": 3283.920616987117, "eta_hours": 0.0, "timestamp": "2025-12-30T14:17:03.659666"}